<?xml version="1.0" encoding="UTF-8"?>
<!-- <!DOCTYPE hibernate-configuration PUBLIC "-//Hibernate/Hibernate Configuration DTD 3.0//EN" "http://hibernate.sourceforge.net/hibernate-configuration-3.0.dtd"> -->
<!DOCTYPE hibernate-configuration PUBLIC "-//Hibernate/Hibernate Configuration DTD 3.0//EN" "http://www.hibernate.org/dtd/hibernate-configuration">
                                                                                             
<hibernate-configuration>
  <session-factory>
    <property name="hibernate.dialect">org.hibernate.dialect.PostgreSQL82Dialect</property>
    <property name="hibernate.connection.driver_class">org.postgresql.Driver</property>
    <property name="hibernate.connection.url">jdbc:postgresql://localhost:5432/poo2</property>
    <property name="hibernate.connection.username">postegres</property>
    <property name="hibernate.connection.password">postegres</property>
    
    <property name="hibernate.hbm2ddl.auto">create-drop</property>   
    <property name="hibernate.show_sql">true</property>
    <property name="hibernate.format_sql">true</property>
    
    
  </session-factory>
</hibernate-configuration>
